"['VB', 'DT', 'JJS_best', 'NN', 'NN']"
"['NN', 'VBD', 'IN_like', 'PRP', 'VBD']"
"['NN', 'VBZ', 'RBR_more', 'JJ', 'IN']"
"['NN', 'VBD', 'RBR_better', 'IN', 'NN']"
"['NN', 'VBD', 'RBR_better', 'IN', 'NN']"
"['JJ', 'VBP', 'IN_like', 'DT', 'NN']"
"['VBD', 'NN', 'RBR_better', 'IN', 'NN']"
"['VBD', 'NN', 'RBR_better', 'IN', 'NN']"
"['RB', 'VBD', 'JJR_harder', 'IN', 'NN']"
"['RB', 'DT', 'RBS_most', 'JJ', 'NN']"
"['RB', 'DT', 'RBS_most', 'JJ', 'NN']"
"['VBZ', 'RB', 'JJR_longer', 'IN', 'PRP']"
"['JJ', 'DT', 'RBR_more', 'JJ', 'NN']"
"['VBD', 'DT', 'JJR_slower', 'NN', 'IN']"
"['VBN', 'NN', 'RBR_better', 'IN', 'NN']"
"['VBN', 'NN', 'RBR_better', 'IN', 'NN']"
"['VBZ', 'RB', 'RBR_better', 'IN', 'JJS']"
"['RBR', 'IN', 'JJS_forrest', 'NN']"
"['VBZ', 'RB', 'RBR_better', 'IN', 'JJS']"
"['VBD', 'RB', 'JJ_like', 'NN', 'NN']"
"['JJ', 'DT', 'RBR_more', 'JJ', 'NN']"
"['``', 'NN', 'JJ_inferior', 'TO', 'VB']"
"['VBN', 'DT', 'RBR_better', 'VBG', 'IN']"
"['VBN', 'DT', 'RBR_better', 'VBG', 'IN']"
"['NN', 'VBZ', 'JJR_less', 'IN', 'NNS']"
"['NN', 'VBZ', 'JJR_less', 'IN', 'NNS']"
"['NN', 'VBP', 'JJR_less', 'NN', 'IN']"
"['NN', 'VBP', 'JJR_less', 'NN', 'IN']"
"['IN', 'NN', 'JJR_more', 'IN', 'NN']"
"['IN', 'NNS', 'IN_like', 'NN', 'JJR']"
"['PDT', 'DT', 'JJS_best', 'NN', 'NN']"
"['VBZ', 'IN', 'PDT_all', 'DT', 'JJS']"
"['VBZ', 'DT', 'JJS_best', 'NN', 'RB']"
"['VBZ', 'RB', 'JJR_better', 'IN', 'NN']"
"['VBZ', 'RB', 'JJR_better', 'IN', 'NN']"
"['NN', 'VBZ', 'JJR_better', 'IN', 'NN']"
"['NN', 'VBZ', 'JJR_better', 'IN', 'NN']"
"['NN', 'WRB', 'VBN_compar', 'TO', 'VB']"
"['RB', 'IN', 'DT_all', 'NN', ""''""]"
"['VBD', 'NN', 'RBR_better', 'IN', 'NN']"
"['VBD', 'NN', 'RBR_better', 'IN', 'NN']"
"['NN', 'VBZ', 'RBR_more', 'JJ', 'IN']"
"['NN', 'VBZ', 'JJR_more', 'NN', 'NN']"
"['VBZ', 'DT', 'RBR_more', 'JJ', 'NN']"
"['CD', 'NNS', 'JJR_better', 'IN', 'NN']"
"['CD', 'NNS', 'JJR_better', 'IN', 'NN']"
"['VBD', 'NN', 'RBR_better', 'RB', 'VB']"
"['VBD', 'NN', 'RBR_better', 'RB', 'VB']"
"['DT', 'RB', 'JJR_better', 'NN', 'IN']"
"['DT', 'RB', 'JJR_better', 'NN', 'IN']"
"['``', 'VBN_compar', 'IN', 'NN']"
"['VBZ', 'VBG', 'JJR_better', ""''""]"
"['VBZ', 'VBG', 'JJR_better', ""''""]"
"['``', 'VBN_compar', 'IN', 'NN']"
"['VBN', 'RB', 'RBR_more', 'IN', 'PRP']"
"['VBD', 'RB', 'JJR_more', 'JJ', 'CC']"
"['VBD', 'RB', 'JJR_better', 'IN', 'NN']"
"['VBD', 'RB', 'JJR_better', 'IN', 'NN']"
"['VBD', 'VBD', 'JJR_better', 'IN', 'NN']"
"['VBD', 'VBD', 'JJR_better', 'IN', 'NN']"
"['``', 'JJ_prefer', 'NN', 'NN']"
"['NN', 'RB', 'VBP_prefer', 'JJ', 'NN']"
"['VBD', 'RB', 'JJR_better', 'IN', 'NN']"
"['VBD', 'RB', 'JJR_better', 'IN', 'NN']"
"['DT', 'RB', 'JJR_better', 'NN', 'IN']"
"['DT', 'RB', 'JJR_better', 'NN', 'IN']"
"[""''"", 'RB', 'RBR_better', 'IN', 'JJ']"
"[""''"", 'RB', 'RBR_better', 'IN', 'JJ']"
"['NN', 'VBZ', 'RBR_more', 'RB', 'VBN']"
"['JJ', 'NN', 'RBR_more', 'JJ', ""''""]"
"['``', 'NN', 'IN_like', 'NN', 'IN']"
"['``', 'VBN_compar', 'IN', 'NN']"
"['VBZ', 'DT', 'JJS_worst', 'NN', 'IN']"
"['NN', 'VBZ', 'RBR_more', 'VBG', 'IN']"
"['JJ', 'VBP', 'IN_like', 'DT', 'NN']"
"['VBZ', 'NN', 'RBR_more', 'JJ', 'RB']"
"['NN', 'VBZ', 'RBR_more', 'VBG', 'IN']"
"['``', 'NN', 'IN_like', 'NN', 'NN']"
"['RB', 'NN', 'PDT_all', 'DT', 'NN']"
"['``', 'VBN_compar', 'IN', 'NN']"
"['VBZ', 'RB', 'RBR_more', 'JJ', 'IN']"
"['VB', 'DT', 'JJR_better', 'VBG', 'IN']"
"['VB', 'DT', 'JJR_better', 'VBG', 'IN']"
"['VBZ', 'DT', 'JJS_worst', 'NN', 'IN']"
"['VBZ', 'DT', 'RBR_more', 'JJ', 'VBG']"
"['NN', 'VBZ', 'JJR_longer', 'IN', 'NN']"
"['PRP', 'VB', 'RBR_more', 'JJ', 'IN']"
"['``', 'NN_compar', 'IN', 'NN']"
"['NN', 'VBZ', 'RBR_less', 'JJ']"
"['NN', 'VBZ', 'RBR_less', 'JJ']"
"['NN', 'VBZ', 'RBR_more', 'JJ', 'IN']"
"['NN', 'VBD', 'JJR_more', 'NN', 'IN']"
"['VBZ', 'DT', 'JJS_latest', 'NN', 'IN']"
"['PRP$', 'RB', 'JJS_best']"
"['VB', 'DT', 'JJS_darkest', 'NNS', 'NN']"
"['NN', 'VBD', 'JJR_better', 'IN', 'JJ']"
"['NN', 'VBD', 'JJR_better', 'IN', 'JJ']"
"['VB', 'DT', 'JJS_best', 'NN', 'NN']"
"['NN', 'VBD', 'IN_like', 'PRP', 'VBD']"
"['NN', 'VBZ', 'RBR_more', 'JJ', 'IN']"
"['NN', 'VBD', 'RBR_better', 'IN', 'NN']"
"['NN', 'VBD', 'RBR_better', 'IN', 'NN']"
"['JJ', 'VBP', 'IN_like', 'DT', 'NN']"
"['VBD', 'NN', 'RBR_better', 'IN', 'NN']"
"['VBD', 'NN', 'RBR_better', 'IN', 'NN']"
"['RB', 'VBD', 'JJR_harder', 'IN', 'NN']"
"['RB', 'DT', 'RBS_most', 'JJ', 'NN']"
"['RB', 'DT', 'RBS_most', 'JJ', 'NN']"
"['VBZ', 'RB', 'JJR_longer', 'IN', 'PRP']"
"['JJ', 'DT', 'RBR_more', 'JJ', 'NN']"
"['VBD', 'DT', 'JJR_slower', 'NN', 'IN']"
"['VBN', 'NN', 'RBR_better', 'IN', 'NN']"
"['VBN', 'NN', 'RBR_better', 'IN', 'NN']"
"['VBZ', 'RB', 'RBR_better', 'IN', 'JJS']"
"['RBR', 'IN', 'JJS_forrest', 'NN']"
"['VBZ', 'RB', 'RBR_better', 'IN', 'JJS']"
"['VBD', 'RB', 'JJ_like', 'NN', 'NN']"
"['JJ', 'DT', 'RBR_more', 'JJ', 'NN']"
"['``', 'NN', 'JJ_inferior', 'TO', 'VB']"
"['VBN', 'DT', 'RBR_better', 'VBG', 'IN']"
"['VBN', 'DT', 'RBR_better', 'VBG', 'IN']"
"['NN', 'VBZ', 'JJR_less', 'IN', 'NNS']"
"['NN', 'VBZ', 'JJR_less', 'IN', 'NNS']"
"['NN', 'VBP', 'JJR_less', 'NN', 'IN']"
"['NN', 'VBP', 'JJR_less', 'NN', 'IN']"
"['IN', 'NN', 'JJR_more', 'IN', 'NN']"
"['IN', 'NNS', 'IN_like', 'NN', 'JJR']"
"['PDT', 'DT', 'JJS_best', 'NN', 'NN']"
"['VBZ', 'IN', 'PDT_all', 'DT', 'JJS']"
"['VBZ', 'DT', 'JJS_best', 'NN', 'RB']"
"['VBZ', 'RB', 'JJR_better', 'IN', 'NN']"
"['VBZ', 'RB', 'JJR_better', 'IN', 'NN']"
"['NN', 'VBZ', 'JJR_better', 'IN', 'NN']"
"['NN', 'VBZ', 'JJR_better', 'IN', 'NN']"
"['NN', 'WRB', 'VBN_compar', 'TO', 'VB']"
"['RB', 'IN', 'DT_all', 'NN', ""''""]"
"['VBD', 'NN', 'RBR_better', 'IN', 'NN']"
"['VBD', 'NN', 'RBR_better', 'IN', 'NN']"
"['NN', 'VBZ', 'RBR_more', 'JJ', 'IN']"
"['NN', 'VBZ', 'JJR_more', 'NN', 'NN']"
"['VBZ', 'DT', 'RBR_more', 'JJ', 'NN']"
"['CD', 'NNS', 'JJR_better', 'IN', 'NN']"
"['CD', 'NNS', 'JJR_better', 'IN', 'NN']"
"['VBD', 'NN', 'RBR_better', 'RB', 'VB']"
"['VBD', 'NN', 'RBR_better', 'RB', 'VB']"
"['DT', 'RB', 'JJR_better', 'NN', 'IN']"
"['DT', 'RB', 'JJR_better', 'NN', 'IN']"
"['``', 'VBN_compar', 'IN', 'NN']"
"['VBZ', 'VBG', 'JJR_better', ""''""]"
"['VBZ', 'VBG', 'JJR_better', ""''""]"
"['``', 'VBN_compar', 'IN', 'NN']"
"['VBN', 'RB', 'RBR_more', 'IN', 'PRP']"
"['VBD', 'RB', 'JJR_more', 'JJ', 'CC']"
"['VBD', 'RB', 'JJR_better', 'IN', 'NN']"
"['VBD', 'RB', 'JJR_better', 'IN', 'NN']"
"['VBD', 'VBD', 'JJR_better', 'IN', 'NN']"
"['VBD', 'VBD', 'JJR_better', 'IN', 'NN']"
"['``', 'JJ_prefer', 'NN', 'NN']"
"['NN', 'RB', 'VBP_prefer', 'JJ', 'NN']"
"['VBD', 'RB', 'JJR_better', 'IN', 'NN']"
"['VBD', 'RB', 'JJR_better', 'IN', 'NN']"
"['DT', 'RB', 'JJR_better', 'NN', 'IN']"
"['DT', 'RB', 'JJR_better', 'NN', 'IN']"
"[""''"", 'RB', 'RBR_better', 'IN', 'JJ']"
"[""''"", 'RB', 'RBR_better', 'IN', 'JJ']"
"['NN', 'VBZ', 'RBR_more', 'RB', 'VBN']"
"['JJ', 'NN', 'RBR_more', 'JJ', ""''""]"
"['``', 'NN', 'IN_like', 'NN', 'IN']"
"['``', 'VBN_compar', 'IN', 'NN']"
"['VBZ', 'DT', 'JJS_worst', 'NN', 'IN']"
"['NN', 'VBZ', 'RBR_more', 'VBG', 'IN']"
"['JJ', 'VBP', 'IN_like', 'DT', 'NN']"
"['VBZ', 'NN', 'RBR_more', 'JJ', 'RB']"
"['NN', 'VBZ', 'RBR_more', 'VBG', 'IN']"
"['``', 'NN', 'IN_like', 'NN', 'NN']"
"['RB', 'NN', 'PDT_all', 'DT', 'NN']"
"['``', 'VBN_compar', 'IN', 'NN']"
"['VBZ', 'RB', 'RBR_more', 'JJ', 'IN']"
"['VB', 'DT', 'JJR_better', 'VBG', 'IN']"
"['VB', 'DT', 'JJR_better', 'VBG', 'IN']"
"['VBZ', 'DT', 'JJS_worst', 'NN', 'IN']"
"['VBZ', 'DT', 'RBR_more', 'JJ', 'VBG']"
"['NN', 'VBZ', 'JJR_longer', 'IN', 'NN']"
"['PRP', 'VB', 'RBR_more', 'JJ', 'IN']"
"['``', 'NN_compar', 'IN', 'NN']"
"['NN', 'VBZ', 'RBR_less', 'JJ']"
"['NN', 'VBZ', 'RBR_less', 'JJ']"
"['NN', 'VBZ', 'RBR_more', 'JJ', 'IN']"
"['NN', 'VBD', 'JJR_more', 'NN', 'IN']"
"['VBZ', 'DT', 'JJS_latest', 'NN', 'IN']"
"['PRP$', 'RB', 'JJS_best']"
"['VB', 'DT', 'JJS_darkest', 'NNS', 'NN']"
"['NN', 'VBD', 'JJR_better', 'IN', 'JJ']"
"['NN', 'VBD', 'JJR_better', 'IN', 'JJ']"
"['VBZ', 'RB', 'RBR_more', 'JJ', 'IN']"
"['VBZ', 'DT', 'JJS_worst', 'NN', 'NN']"
"['RP', 'DT', 'JJS_worst', 'NN', 'IN']"
"['NN', 'VBD', 'RBR_more', 'IN', 'DT']"
"['VBD', 'RBR', 'IN_like', 'DT', 'NN']"
"['VBD', 'DT', 'JJS_biggest', 'NN', 'NN']"
"['JJ', 'NNS', 'DT_all', 'IN', 'DT']"
"['``', 'JJS_most', 'IN', 'DT']"
"['``', 'JJS_most', 'IN', 'DT']"
"['VBZ', 'RB', 'RBR_closer', 'TO', 'NN']"
"['NN', 'NN', 'VB_lead', 'PRP', 'TO']"
"['JJ', 'NN', 'DT_all', 'VBP', 'PRP']"
"['``', 'JJS_most', 'NNS', 'VBP']"
"['``', 'JJS_most', 'NNS', 'VBP']"
"['WP', 'PRP$', 'NN_like', 'TO', 'VB']"
"['IN', 'VBG', 'JJR_more', 'NNS', ""''""]"
"['DT', 'JJ', 'JJ_rival', 'NN', 'NN']"
"['VBD', 'NN', 'IN_befor', 'VBG', 'PRP$']"
"['JJ', 'NNS', 'IN_like', 'PRP', 'RB']"
"['NN', 'NN', 'VBN_compar', 'TO', 'PRP$']"
"['WP', 'PRP$', 'IN_like', 'VBG', 'NN']"
"['NN', 'JJ', 'IN_befor', 'VBG', 'PRP']"
"['JJ', 'NN', 'IN_like', 'DT', 'JJ']"
"['NN', 'IN', 'DT_all', 'JJ', 'NNS']"
"['VBG', 'PRP', 'IN_like', 'NN', 'NN']"
"['IN', 'DT', 'RBS_most', 'RB', 'JJ']"
"['IN', 'DT', 'RBS_most', 'RB', 'JJ']"
"['IN', 'DT', 'NN_lead', 'NN', 'VBP']"
"['IN', 'DT', 'NN_lead', ""''""]"
"['DT', 'NN', 'RBR_more', 'CC', 'DT']"
"['RB', 'CC', 'DT_all', 'IN', 'DT']"
"['DT', 'IN', 'DT_all', 'DT', 'VBZ']"
"['DT', 'VBZ', 'RBR_more', 'DT', 'NN']"
"['RB', 'JJ', 'IN_like', 'DT', 'NN']"
"['PRP', 'VBD', 'RBR_more', 'IN', 'NN']"
"['VBD', 'RBR', 'IN_like', 'NN', 'VBD']"
"['NN', 'IN', 'DT_all', 'PRP$', 'NN']"
"['VBP', 'DT', 'JJS_perfect.best', 'IN', 'DT']"
"['NN', 'VBP', 'DT_all', 'JJS', 'IN']"
"['JJS', 'IN', 'DT_all', 'NNS', 'VBP']"
"['IN', 'DT', 'JJS_latest', 'NN', 'NN']"
"['NNS', 'DT', 'JJR_less', 'JJ', 'NNS']"
"['NNS', 'DT', 'JJR_less', 'JJ', 'NNS']"
"['JJ', 'NN', 'IN_like', 'DT', 'JJ']"
"['RB', 'IN', 'PDT_all', 'DT', 'JJ']"
"['IN', 'PRP$', 'JJS_best', 'NN', 'NN']"
"['VBZ', 'PRP', 'RBS_best', 'JJ', 'NN']"
"['IN', 'DT', 'JJS_best', 'NNS', 'IN']"
"['VBZ', 'IN', 'JJS_least', 'CD', 'NN']"
"['VBZ', 'IN', 'JJS_least', 'CD', 'NN']"
"['WP', 'VBZ', 'IN_like', 'DT', 'CC']"
"['VBZ', 'RB', 'JJ_recommend', ""''""]"
"['PRP$', 'NNS', 'RBR_lifejess', 'CC', 'DT']"
"['IN', 'DT', 'JJS_smallest', 'NN', 'MD']"
"['IN', 'NN', 'DT_both', 'IN', 'PRP$']"
"['JJ', 'IN', 'JJS_most', 'NNS', 'MD']"
"['JJ', 'IN', 'JJS_most', 'NNS', 'MD']"
"['TO', 'VB', 'JJR_better', 'NNS', ""''""]"
"['NN', 'PRP', 'DT_all', 'MD', 'VB']"
"['TO', 'VB', 'JJR_better', 'NNS', ""''""]"
"['``', 'IN_like', 'PRP$', 'NN']"
"['NN', 'CC', 'IN_befor', 'JJ', 'VBP']"
"['NN', 'TO', 'JJ_last', 'PRP', 'NNS']"
"['VBZ', 'RB', 'RBR_longer', 'PRP', ""''""]"
"['PRP$', 'CC', 'JJS_best', 'NN', 'NN']"
"['VBN', 'IN', 'DT_both', 'PRP$', 'NN']"
"['IN', 'DT', 'RBR_more', 'JJ', 'NNS']"
"['IN', 'NN', 'JJS_best', 'NNS', 'CC']"
"['CC', 'RB', 'JJ_differ', 'NN', ""''""]"
"['RB', 'VBP', 'IN_like', 'DT', 'JJ']"
"['IN', 'DT', 'JJ_top', 'NNS', 'WDT']"
"['``', 'IN_like', 'CD', 'IN']"
"['VBP', 'VBN', 'IN_befor', 'VBG', 'DT']"
"['CC', 'VB', 'VBD_like', 'PRP', 'RP']"
"['IN', 'DT', 'RBR_more', 'RB', 'IN']"
"['IN', 'NNS', 'IN_like', 'DT', 'RBR']"
"['TO', 'VB', 'JJR_more', 'IN', 'PRP$']"
"['.', 'VBP', 'JJ_top', 'NN', 'CC']"
"['VBP', 'JJ', 'RB_togeth', 'RB', 'VB']"
"['NNS', 'RB', 'RBR_better', 'IN', 'DT']"
"['NNS', 'RB', 'RBR_better', 'IN', 'DT']"
"['VBN', 'IN', 'JJS_least', 'CD', 'JJ']"
"['VBN', 'IN', 'JJS_least', 'CD', 'JJ']"
"['JJ', 'JJ', 'NNS_choic', 'VBD', ':']"
"['IN', 'DT', 'JJ_last', 'NN', 'IN']"
"['NN', 'NNS', 'IN_like', 'CD', 'IN']"
"['IN', 'DT', 'JJ_top', 'NN', 'NN']"
"['VBP', 'DT', 'JJ_last', 'NN', 'PRP']"
"['PRP', 'VBP', 'JJR_more', 'IN', 'CD']"
"['IN', 'DT', 'JJ_same', 'NN', 'PRP']"
"['VBZ', 'RB', 'IN_like', 'DT', 'NN']"
"['DT', 'NN', 'IN_befor', 'JJ', 'VBD']"
"['PRP', 'RB', 'RBR_more', 'RB', 'IN']"
"['NN', 'IN', 'NN_differ', 'DT', 'JJ']"
"['IN', 'PRP', 'VBP_like', 'DT', 'NN']"
"['IN', 'NN', 'DT_both', 'JJ', 'CC']"
"['WDT', 'PRP', 'DT_all', 'NNS', ""''""]"
"['IN', 'DT', 'JJ_last', 'CD', 'NNS']"
"['PRP', 'VBZ', 'VB_top', 'PRP$', 'JJ']"
"['JJ', 'NN', 'DT_all', 'VBP', 'DT']"
"['PRP', 'VBZ', 'JJ_similar', 'TO', 'DT']"
"['VBN', 'IN', 'DT_all', ""''""]"
"['VBZ', 'DT', 'JJ_same', 'NN', 'CC']"
"['NN', 'DT', 'JJS_best', 'NN', 'RB']"
"['RB', 'DT', 'JJ_second', 'NN', 'VBZ']"
"['NN', 'WDT', 'JJS_most', 'JJ', 'NN']"
"['.', 'NN', 'IN_like', 'DT', 'NN']"
"['NN', 'WDT', 'JJS_most', 'JJ', 'NN']"
"['NN', 'IN', 'DT_all', 'IN', 'PRP']"
"['PRP', 'VBZ', 'RBR_more', 'IN', 'JJ']"
"['NN', 'NN', 'IN_befor', 'RB', ""''""]"
"['PRP', 'VBD', 'JJR_more', 'IN', 'DT']"
"['MD', 'RB', 'VB_recommend', 'PRP', ""''""]"
"['``', 'RB_most', 'PRP$', 'NNS']"
"['PRP', 'DT', 'JJ_second', 'NN', 'CC']"
"['``', 'DT', 'JJ_second', 'NN', 'CC']"
"['VBD', 'RB', 'VB_win', 'DT', 'NN']"
"['MD', 'VB', 'PDT_all', 'DT', 'VBG']"
"['VBZ', 'DT', 'JJS_greatest', 'NN', 'IN']"
"['PRP', 'DT', 'RBR_more', 'RB', 'JJS']"
"['RBR', 'RB', 'JJS_most', 'IN', 'DT']"
"['VBN', 'IN', 'DT_all', 'IN', 'CD']"
"['PRP', 'VBP', 'IN_like', 'PRP', 'DT']"
"['RBR', 'RB', 'JJS_most', 'IN', 'DT']"
"['VBG', 'DT', 'RBS_most', 'RB', 'RB']"
"['NN', 'DT', 'RBS_most', 'NN', 'RB']"
"['IN', 'DT', 'RBS_most', 'JJ', 'NNS']"
"['``', 'DT_all', 'NN', 'MD']"
"['VBG', 'DT', 'RBS_most', 'RB', 'RB']"
"['NN', 'IN', 'DT_all', 'NN', 'DT']"
"['NN', 'DT', 'RBS_most', 'NN', 'RB']"
"['IN', 'DT', 'RBS_most', 'JJ', 'NNS']"
"['TO', 'VBG', 'IN_like', 'PDT', 'DT']"
"['VBG', 'IN', 'PDT_all', 'DT', 'NN']"
"['IN', 'PRP$', 'JJS_most', 'JJ', 'VBZ']"
"['IN', 'PRP$', 'JJS_most', 'JJ', 'VBZ']"
"['VBN', 'DT', 'RBR_more', 'JJ', 'NN']"
"['VB', 'DT', 'JJR_viewer', 'RB', 'IN']"
"['$', 'CD', 'JJ_last', 'NN', 'IN']"
"['VB', 'DT', 'JJS_greatest', 'NN', 'IN']"
"['NN', 'IN', 'DT_all', 'NN', 'CC']"
"['JJ', 'NN', 'IN_like', 'DT', 'JJ']"
"['JJ', 'NNS', 'RB_most', 'WP', 'VBP']"
"['RB', 'JJ', 'IN_like', 'DT', 'NN']"
"['VBP', 'JJ', 'JJR_more', 'CC', 'DT']"
"['NN', 'IN', 'VBG_compar', 'DT', 'NN']"
"['CD', 'JJ', 'NN_top', 'NN', 'NN']"
"['WP', 'VBP', 'DT_all', 'IN', 'DT']"
"['``', 'NN_compar', 'WDT', 'TO']"
"['DT', 'NN', 'IN_like', 'NN', 'WDT']"
"['DT', 'NN', 'IN_like', 'DT', ""''""]"
"['NN', 'RB', 'RBR_more', 'RB', 'NN']"
"['``', 'DT', 'JJ_last', 'NN', 'VBZ']"
"['VBZ', 'PRP$', 'JJ_second', 'NN', 'IN']"
"['IN', 'DT', 'JJS_biggest', 'NNS', 'RB']"
"['PRP', 'VBD', 'DT_all', 'IN', 'DT']"
"['DT', 'VBZ', 'DT_all', 'NN', 'CC']"
"['CC', 'JJ', 'JJR_more', ""''""]"
"['CD', 'RB', 'JJ_differ', 'NNS', 'CC']"
"['WDT', 'RB', 'RBR_more', 'JJ', ""''""]"
"['JJ', 'NN', 'RB_togeth', 'WDT', 'VBD']"
"['IN', 'PRP$', 'JJS_most', 'RB', 'NNS']"
"['``', 'PRP', 'DT_both', 'VBD', 'JJ']"
"['RB', 'CC', 'DT_both', 'IN', 'PRP']"
"['IN', 'PRP$', 'JJS_most', 'RB', 'NNS']"
"['PRP', 'VBP', 'JJS_most', 'IN', 'PRP']"
"['PRP', 'VBP', 'JJS_most', 'IN', 'PRP']"
"['JJ', 'IN', 'PDT_all', 'DT', 'NNS']"
"['WRB', 'VBP', 'IN_like', 'NN', 'NN']"
"['``', 'DT_all', 'VBP', 'DT']"
"['IN', 'NN', 'IN_like', 'DT', 'NN']"
"['PRP', 'VBP', 'DT_both', 'RB', 'JJ']"
"['PRP', 'VBP', 'IN_like', 'DT', 'NN']"
"['RB', 'RB', 'DT_all', 'IN', 'DT']"
"['IN', 'JJ', 'JJS_best', 'NN', 'WDT']"
"['VB', 'DT', 'JJS_best', 'JJ', 'RB']"
"['IN', 'DT', 'JJS_most', 'NN', 'PRP']"
"['VBP', 'VBN', 'JJR_more', 'IN', 'CD']"
"['IN', 'DT', 'JJS_most', 'NN', 'PRP']"
"['IN', 'NN', 'IN_like', 'NN', 'NNS']"
"['TO', 'VB', 'IN_like', 'DT', 'JJ']"
"['PRP', 'VBZ', 'RBR_more', 'IN', 'JJ']"
"['NNS', 'MD', 'VB_like', 'JJ', 'NNS']"
"['NN', 'CC', 'DT_both', 'NNS', 'PRP']"
"['CC', 'IN', 'JJS_most', 'NNS', 'VBP']"
"['PRP', 'VBZ', 'RBR_more', 'JJ', 'IN']"
"['CC', 'IN', 'JJS_most', 'NNS', 'VBP']"
"['NNS', 'CC', 'PDT_all', 'DT', 'NN']"
"['IN', 'DT', 'JJS_biggest', 'NNS', 'IN']"
"['NNS', 'IN', 'DT_all', 'NN', 'DT']"
"['NN', 'VBD', 'JJR_bigger', 'IN', 'NN']"
"['VBG', 'RB', 'JJS_honest', 'RB', 'JJ']"
"['JJ', 'NN', 'JJS_best', 'NN', 'IN']"
"['NN', 'IN', 'DT_all', 'NN', 'DT']"
"['NN', 'NN', 'DT_both', 'IN', 'WP']"
"['DT', 'RB', 'JJR_livelier', 'NN', 'IN']"
"['TO', 'VB', 'IN_like', 'DT', 'JJ']"
"['JJ', 'NN', 'RB_togeth', 'IN', 'DT']"
"['TO', 'DT', 'JJ_top', 'NN', 'DT']"
"['``', 'CC', 'DT_all', 'IN', 'RB']"
"['VB', 'VBP', 'VB_recommend', 'DT', 'NN']"
"['IN', 'DT', 'JJS_richest', 'NN', 'IN']"
"['DT', 'NN', 'JJR_less', 'JJ', 'IN']"
"['TO', 'VB', 'NN_defeat', ':', 'PRP']"
"['DT', 'NN', 'JJR_less', 'JJ', 'IN']"
"['IN', 'DT', 'RBS_most', 'JJ', 'NNS']"
"['NNS', 'VBG', 'JJS_best', 'NN', 'NNS']"
"['DT', 'RB', 'IN_befor', 'JJ', 'NN']"
"['IN', 'DT', 'RBS_most', 'JJ', 'NNS']"
"['VBP', 'VBG', 'IN_like', 'DT', 'JJ']"
"['VBN', 'PRP', 'RBR_more', 'NNS', 'IN']"
"['NN', 'DT', 'JJR_lower', 'NN', 'NN']"
"['VB', 'IN', 'VBG_win', 'PRP$', 'NN']"
"['CD', 'IN', 'PDT_all', 'DT', 'NNS']"
"['VBD', 'VBN', 'RBR_earlier', 'IN', 'DT']"
"['VBD', 'DT', 'RBS_most', 'NN', 'IN']"
"['VBD', 'DT', 'RBS_most', 'NN', 'IN']"
"['DT', 'IN', 'JJ_second', 'CC', 'JJ']"
"['VBZ', 'RB', 'DT_all', 'VBD', 'JJ']"
"['PRP', 'VBP', 'JJ_differ', 'NNS', 'IN']"
"[':', 'CC', 'DT_all', 'IN', 'DT']"
"['JJ', 'NNS', 'JJ_last', 'JJ', 'RB']"
"['TO', 'VB', 'DT_all', 'IN', 'DT']"
"['WDT', 'VBZ', 'JJR_cameron', 'JJ', 'CC']"
"['IN', 'DT', 'JJR_lower', 'NN', 'NNS']"
"['IN', 'PRP$', 'JJS_best', ""''""]"
"['VB', 'RP', 'IN_like', 'DT', 'VBN']"
"['``', 'DT', 'JJS_richest', 'NN', 'IN']"
"['WP', 'VBD', 'JJS_most', 'IN', 'NN']"
"['PRP$', 'JJ', 'JJR_younger', 'NN', 'VBD']"
"['WP', 'VBD', 'JJS_most', 'IN', 'NN']"
"['VBN', 'CC', 'RBR_later', 'VBD', 'NNS']"
"['``', 'DT_all', 'IN', 'DT']"
"['TO', 'DT', 'JJ_last', 'NNS', 'IN']"
"['RB', 'IN', 'DT_all', 'IN', 'DT']"
"['NN', 'RB', 'RBR_more', 'JJ', 'JJ']"
"['NN', 'VBZ', 'RB_differ', 'CC', 'PRP']"
"['JJ', 'CC', 'DT_all', 'VBP', 'VBN']"
"['TO', 'VB', 'DT_all', 'IN', 'DT']"
"['VBZ', 'RB', 'IN_like', 'DT', 'JJ']"
"['CC', 'VBZ', 'IN_like', 'DT', 'NN']"
"['``', 'IN', 'JJS_most', 'NN', 'IN']"
"['``', 'IN_like', 'JJS', 'NN']"
"['``', 'IN', 'JJS_most', 'NN', 'IN']"
"['IN', 'PRP', 'VBP_like', 'VBG', 'NNS']"
"['``', 'IN', 'JJS_least', 'RB', 'IN']"
"['``', 'IN', 'JJS_least', 'RB', 'IN']"
"['VBZ', 'DT', 'JJS_best', 'NN', 'IN']"
"['NNS', 'CC', 'JJR_more', ""''""]"
"[':', 'IN', 'JJS_least', 'RB', 'IN']"
"[':', 'IN', 'JJS_least', 'RB', 'IN']"
"['JJS', 'RB', 'IN_like', 'DT', 'NN']"
"['VB', 'VBN', 'RBR_better', 'CC', 'VBZ']"
"['VB', 'VBN', 'RBR_better', 'CC', 'VBZ']"
"['RB', 'VB', 'JJS_best', 'NN', 'NN']"
"['VBN', 'RB', 'JJR_better', 'NN', 'IN']"
"['VBZ', 'DT', 'JJS_worst', 'JJ', 'VBN']"
"['VBN', 'RB', 'JJR_better', 'NN', 'IN']"
"['NN', 'IN', 'DT_both', 'IN', 'PRP']"
"['IN', 'NN', 'IN_befor', ""''""]"
"['``', 'RB', 'IN_befor', 'PRP', 'VBD']"
"['TO', 'VB', 'JJR_more', 'IN', 'DT']"
"['IN', 'PRP', 'VBD_like', 'DT', 'NN']"
"['``', 'DT', 'NN_lead', 'NNS', 'IN']"
"['VBG', 'DT', 'NN_superior', 'NN', 'VBD']"
"['VBD', 'CC', 'DT_both', 'VBD', 'JJ']"
"['VBD', 'RB', 'RBR_more', 'RB', 'VBN']"
"['RB', 'RB', 'JJR_more', 'JJ', 'CD']"
"['``', 'TO', 'PDT_all', 'DT', 'JJ']"
"['VBZ', 'DT', 'JJ_top', 'NN', 'NN']"
"['IN', 'DT', 'JJ_same', 'NNS', 'VBD']"
"['VBD', 'DT', 'RBS_most', 'JJ', 'NN']"
"['VBD', 'DT', 'RBS_most', 'JJ', 'NN']"
"['NN', 'IN', 'DT_all', 'NN', ""''""]"
"['RB', 'RB', 'JJR_more', 'IN', 'NN']"
"['JJ', 'NN', 'IN_like', 'DT', 'JJ']"
"['NNS', 'VBZ', 'RB_togeth', 'DT', 'JJ']"
"['VBD', 'PRP', 'RB_togeth', 'VBZ', 'VB']"
"['RB', 'DT', 'JJS_burliest', 'NN', 'IN']"
"['VBD', 'PRP', 'RBR_more', 'IN', 'DT']"
"['DT', 'NN', 'DT_all', 'PRP$', 'NN']"
"['VBD', 'PRP', 'JJR_better', 'IN', 'JJ']"
"['VBD', 'PRP', 'JJR_better', 'IN', 'JJ']"
"['IN', 'DT', 'JJ_differ', 'NN', 'IN']"
"['VBG', 'PRP$', 'JJS_best', 'IN', 'DT']"
"['CC', 'VBD', 'JJS_best', 'NN', 'IN']"
"['NNS', 'IN', 'DT_all', 'NNS', ""''""]"
"['IN', 'DT', 'JJ_same', 'MD', 'VB']"
"['CC', 'JJ', 'VBP_recommend', 'PRP', 'TO']"
"['IN', 'DT', 'JJR_older', 'NN', 'IN']"
"['NN', 'JJ', 'JJS_biggest', 'NNS', 'VBP']"
"['NN', 'IN', 'NNS_similar', 'TO', 'DT']"
"['NN', 'NN', 'RBR_morphett', 'RB', 'VB']"
"['``', 'IN', 'JJS_least', 'DT', 'JJ']"
"['``', 'IN', 'JJS_least', 'DT', 'JJ']"
"['IN', 'DT', 'RBR_more', 'JJ', 'NN']"
"['VBN', 'IN', 'JJ_similar', 'NNS', 'IN']"
"['NN', 'VBZ', 'JJR_more', 'IN', 'DT']"
"['NN', 'VBZ', 'JJR_more', 'IN', 'DT']"
"['NN', 'IN', 'JJR_more', 'NN', 'IN']"
"['VB', 'NN', 'JJR_more', 'JJ', 'CC']"
"['DT', 'NN', 'RBR_more', 'JJ', 'NN']"
"['DT', 'NNS', 'RB_togeth', 'IN', 'RP']"
"['VB', 'CD', 'DT_all', 'VB', 'PRP']"
"['VBD', 'VBN', 'JJ_similar', 'NNS', 'CC']"
"['JJ', 'NNS', 'CC_both', 'IN', 'DT']"
"['NN', 'VBP', 'DT_all', 'IN', 'DT']"
"['NN', 'NN', 'IN_like', 'DT', ""''""]"
"['VBZ', 'VB', 'DT_all', 'PRP', 'VBP']"
"['IN', 'NN', 'VBN_recommend', 'IN', 'DT']"
"['VBN', 'IN', 'DT_all', 'NN', 'NNS']"
"['RB', 'PRP$', 'JJS_most', 'JJ', '.']"
"['NN', 'VBP', 'DT_both', 'VBG', 'DT']"
"['VBG', 'DT', 'JJ_same', 'JJ', 'NN']"
"['RB', 'PRP$', 'JJS_most', 'JJ', '.']"
"['VBP', 'VBN', 'JJ_inferior', 'TO', 'NNS']"
"['NN', 'VBD', 'JJR_more', 'IN', 'DT']"
"['PRP$', 'NN', 'JJ_last', 'NN', 'CC']"
"['VBD', 'PRP', 'JJR_harder', 'IN', 'PRP']"
"['VBG', 'IN', 'PDT_all', 'DT', 'NNS']"
"['DT', 'NN', 'RB_most', 'RB', 'CC']"
"['NN', 'CD', 'NN_lead', 'NNS', 'VBP']"
"['VB', 'IN', 'JJS_least', 'DT', 'NN']"
"['VBG', 'VBN', 'RBR_more', 'JJ', 'NN']"
"['VB', 'IN', 'JJS_least', 'DT', 'NN']"
"['JJ', 'NNS', 'IN_like', 'NN', ""''""]"
"['DT', 'CD', 'NN_lead', 'NNS', 'DT']"
"['VBG', 'NN', 'DT_all', 'VBP', 'TO']"
"['PRP$', 'IN', 'JJS_least', 'RB', 'JJ']"
"['JJ', 'IN', 'JJS_best', 'NN', 'MD']"
"['PRP$', 'IN', 'JJS_least', 'RB', 'JJ']"
"['IN', 'JJS', 'RB_most', 'JJ', 'IN']"
"['NNS', 'CC', 'JJS_most', 'RB', 'JJ']"
"['NNS', 'CC', 'JJS_most', 'RB', 'JJ']"
"['JJ', 'JJ', 'NN_recommend', 'DT', 'NN']"
"['NN', 'RB', 'JJR_higher', 'IN', 'DT']"
"['VBN', 'VBN', 'RBR_better', 'IN', 'DT']"
"['VBN', 'VBN', 'RBR_better', 'IN', 'DT']"
"['PRP', 'VBZ', 'JJR_more', 'NNS', 'IN']"
"['IN', 'RB', 'JJR_more', 'NNS', 'IN']"
"['JJR', 'NNS', 'IN_like', 'DT', 'VBD']"
"['RB', 'IN', 'JJR_more', 'JJ', 'JJ']"
"['``', 'NN', 'VBD_like', 'IN', 'PRP']"
"['RB', 'DT', 'RBS_most', 'JJ', 'TO']"
"['RB', 'DT', 'RBS_most', 'JJ', 'IN']"
"['RB', 'DT', 'RBS_most', 'JJ', 'TO']"
"['TO', 'VB', 'DT_both', 'IN', 'PRP$']"
"['RB', 'DT', 'RBS_most', 'JJ', 'IN']"
"['JJ', 'NN', 'NN_prefer', 'NNS', 'NNS']"
"['IN', 'JJ', 'NN_prefer', 'IN', 'NN']"
"['NN', 'IN', 'DT_all', 'WP', 'VBD']"
"['DT', 'RB', 'JJS_youngest', 'IN', 'NN']"
"['NN', 'IN', 'JJR_younger', 'NNS', 'VBD']"
"['VBN', 'IN', 'JJS_least', 'IN', 'DT']"
"['JJ', 'IN', 'DT_all', 'CC', 'DT']"
"['VBN', 'IN', 'JJS_least', 'IN', 'DT']"
"['DT', 'JJ', 'NN_choic', 'IN', 'JJ']"
"['PDT', 'DT', 'RBR_more', 'JJ', 'DT']"
"['CC', 'NNS', 'PDT_all', 'DT', 'RBR']"
"['RB', 'NN', 'DT_both', 'IN', 'NN']"
"['VBZ', 'VBG', 'JJR_older', 'CC', 'VBZ']"
"['IN', 'DT', 'JJS_best', 'NNS', 'VBP']"
"['NN', 'TO', 'VB_win', 'PRP$', 'NNS']"
"['CC', 'PRP', 'VBP_top', 'PRP', 'RP']"
"['RB', 'VBN', 'IN_befor', 'WDT', 'VBZ']"
"['CC', 'NNS', 'DT_both', 'VBN', 'RB']"
"['DT', 'VBN', 'RB_togeth', 'IN', 'DT']"
"['NN', 'VBP', 'DT_both', 'VBN', 'TO']"
"['NN', 'RB', 'JJR_stronger', 'IN', 'DT']"
"['VBP', 'JJ', 'NN_altern', 'TO', 'VBG']"
"['NN', 'VBD', 'JJR_more', 'IN', 'DT']"
"['NN', 'DT', 'JJR_better', ""''""]"
"['CC', 'DT', 'NN_less', 'VBD', 'IN']"
"['NN', 'DT', 'JJR_better', ""''""]"
"['JJ', 'VBP', 'JJS_most', 'VB', 'RB']"
"['JJ', 'VBP', 'JJS_most', 'VB', 'RB']"
"['IN', 'DT', 'RBS_most', 'JJ', 'NN']"
"['NNS', 'VBP', 'RBS_most', 'JJ', 'NN']"
"['IN', 'PRP$', 'NNS_differ', 'DT', 'CD']"
"['IN', 'DT', 'RBS_most', 'JJ', 'NN']"
"['NNS', 'VBP', 'RBS_most', 'JJ', 'NN']"
"['NN', 'VBZ', 'RBR_more', 'IN', 'DT']"
"['``', 'IN_like', 'DT', 'NN']"
"['RB', 'RB', 'RBR_more', 'JJ', 'IN']"
"['DT', 'NN', 'JJ_inferior', 'TO', 'DT']"
"['MD', 'VB', 'IN_like', 'TO', 'VB']"
"['IN', 'NN', 'JJ_last', 'NN', 'NN']"
"['NNS', 'VBD', 'PDT_all', 'DT', 'NN']"
"['VBN', 'TO', 'DT_all', 'IN', 'DT']"
"['NN', 'NNS', 'DT_all', 'IN', 'DT']"
"['RB', 'CD', 'NN_less', 'VBZ', 'VBN']"
"['VB', 'RB', 'VBN_recommend', 'IN', 'DT']"
"['IN', 'NN', 'RB_similar', 'JJ', 'IN']"
"['JJ', 'NNS', 'RBR_earlier', 'PRP', 'VBZ']"
"['NN', 'VBZ', 'DT_all', 'NNS', 'IN']"
"['DT', 'NNS', 'IN_like', 'DT', 'JJ']"
"['JJ', 'NN', 'NNS_similar', 'TO', 'VB']"
"['WDT', 'VBD', 'RBR_more', 'JJ', 'CC']"
"['NNS', 'IN', 'PDT_all', 'DT', 'NNS']"
"['NN', 'CC', 'RBR_more', 'RB', 'JJ']"
"['NN', 'IN', 'DT_all', ""''""]"
"['NN', 'VBP', 'DT_all', 'JJ', ""''""]"
"['VB', 'VBN', 'JJR_stronger', 'IN', 'DT']"
"['IN', 'DT', 'JJ_differ', 'VBG', 'CC']"
"['PRP', 'VBZ', 'RBR_closer', 'TO', 'VB']"
"['DT', 'NN', 'RBR_better', 'JJ', 'NN']"
"['DT', 'NN', 'RBR_better', 'JJ', 'NN']"
"['VB', 'RB', 'IN_like', 'DT', 'JJ']"
"['IN', 'DT', 'RBS_most', 'JJ', 'NN']"
"['IN', 'DT', 'RBS_most', 'JJ', 'NN']"
"['NNS', 'IN', 'DT_both', 'IN', 'PRP$']"
"['RB', 'JJ', 'JJR_better', 'IN', 'CD']"
"['RB', 'JJ', 'JJR_better', 'IN', 'CD']"
"['IN', 'PRP$', 'JJS_finest', '.', 'DT']"
"['RB', 'VBN', 'IN_like', 'DT', 'NNS']"
"['CD', 'IN', 'DT_all', 'DT', 'NNS']"
"['VBP', 'VBG', 'JJR_less', 'RB', 'NN']"
"['VBP', 'VBG', 'JJR_less', 'RB', 'NN']"
"['VBZ', 'VBG', 'RBR_better', 'CC', 'RBR']"
"['RBR', 'CC', 'RBR_better', 'IN', 'DT']"
"['DT', 'NN', 'RBR_more', 'NN', 'CC']"
"['VBP', 'VBN', 'PDT_all', 'DT', 'NNS']"
"['NNS', 'VBD', 'PDT_all', 'DT', 'NNS']"
"['VBZ', 'VBG', 'RBR_better', 'CC', 'RBR']"
"['RBR', 'CC', 'RBR_better', 'IN', 'DT']"
"['CC', 'RB', 'JJR_more', ""''""]"
"['VB', 'IN', 'DT_all', 'JJ', 'NNS']"
"['VB', 'TO', 'DT_all', 'NNS', 'CC']"
"['NNS', 'CC', 'DT_all', 'NNS', 'IN']"
"['NNS', 'IN', 'PDT_all', 'DT', 'NNS']"
"['IN', 'PRP$', 'JJS_most', 'RB', 'JJ']"
"['IN', 'PRP$', 'JJS_most', 'RB', 'JJ']"
"['CC', 'JJ', 'IN_befor', 'PRP', 'VBD']"
"['``', 'PDT_all', 'DT', 'VBG']"
"['WP', 'VBD', 'DT_all', 'DT', 'VBG']"
"['IN', 'WRB', 'JJ_similar', 'DT', 'NN']"
"['DT', 'RB', 'JJ_superior', 'NN', ""''""]"
"['IN', 'DT', 'JJR_larger', 'IN', 'NN']"
"['IN', 'DT', 'RB_altern', 'NN', 'CC']"
"['DT', 'NN', 'RB_togeth', 'CC', 'VB']"
"['RB', 'VBD', 'JJR_lovelier', 'CC', 'JJ']"
"['CC', 'DT', 'JJS_best', 'NN', 'IN']"
"['IN', 'DT', 'JJR_lesser', 'JJ', 'NN']"
"['IN', 'DT', 'RBS_most', 'JJ', 'JJ']"
"['IN', 'DT', 'RBS_most', 'JJ', 'JJ']"
"['VBP', 'IN', 'VBG_lead', 'JJ', 'JJ']"
"['NN', 'DT', 'JJ_last', 'NN', 'NN']"
"['IN', 'NN', 'DT_both', 'JJ', 'CC']"
"['TO', 'PRP$', 'NN_like', 'CC', 'IN']"
"['CC', 'IN', 'VBG_like', 'VBD', 'RB']"
"['NN', 'CC', 'DT_all', 'IN', 'PRP']"
"['NN', 'MD', 'JJ_last', 'RB', 'RB']"
"['IN', 'DT', 'JJR_cheaper', 'NN', 'IN']"
"['IN', 'DT', 'JJS_largest', 'NN', 'TO']"
"['NN', 'RB', 'IN_befor', 'DT', 'NN']"
"['IN', 'DT', 'RBS_most', 'JJ', 'CC']"
"['IN', 'DT', 'RBS_most', 'JJ', 'CC']"
"['NN', 'IN', 'PDT_all', 'DT', 'RB']"
"['VBD', 'PRP$', 'RBR_more', 'JJ', 'NN']"
"['NN', 'IN', 'JJS_most', 'IN', 'PRP$']"
"['NN', 'IN', 'RBR_more', 'NN', 'IN']"
"['JJ', 'JJ', 'JJ_second', 'NN', 'VBN']"
"['IN', 'NN', 'DT_all', 'IN', 'DT']"
"['NN', 'IN', 'JJS_most', 'IN', 'PRP$']"
"['RB', 'VB', 'JJR_bigger', 'NNS', 'NN']"
"['RB', 'RB', 'RBR_more', 'JJ', 'IN']"
"['PRP', 'VBP', 'JJ_beat', 'NN', 'RB']"
"['WP', 'VBP', 'IN_like', 'DT', 'NN']"
"['IN', 'DT', 'JJ_top', 'NNS', 'CC']"
"['IN', 'DT', 'RBS_most', 'JJ', 'NNS']"
"['IN', 'DT', 'RBS_most', 'JJ', 'NNS']"
"['NN', 'VBZ', 'RBR_more', 'JJ', 'CC']"
"['CC', 'CD', 'RB_most', 'VBZ', 'IN']"
"['VBD', 'DT', 'JJ_second', 'NN', 'VBZ']"
"['VB', 'DT', 'JJ_second', 'NN', 'IN']"
"['DT', 'JJ', 'JJ_same', 'NN', 'IN']"
"['IN', 'DT', 'JJ_second', 'NN', 'VBZ']"
"['NN', 'IN', 'DT_all', ""''""]"
"['RB', 'CD', 'NNS_second', 'VBP', 'RB']"
"['WP', 'VBZ', 'IN_like', 'NN', 'NN']"
"['NNS', 'VBP', 'JJR_more', 'PRP$', 'NN']"
"['NN', 'NN', 'IN_like', 'VBG', 'JJ']"
"['RB', 'RB', 'VBN_like', 'IN', 'DT']"
"['PRP', 'VB', 'RBR_better', 'VB', 'VB']"
"['PRP', 'VB', 'RBR_better', 'VB', 'VB']"
"['VB', 'IN', 'JJS_least', 'CD', 'NN']"
"['NNS', 'RB', 'JJR_worse', 'IN', 'DT']"
"['VBP', 'VBN', 'JJR_better', 'IN', 'JJS']"
"['JJR', 'IN', 'JJS_most', 'VB', 'VBG']"
"['DT', 'NN', 'RBR_further', 'VBZ', 'WP']"
"['CD', 'NNS', 'PDT_all', 'DT', 'NN']"
"['VB', 'IN', 'JJS_least', 'CD', 'NN']"
"['VBP', 'VBN', 'JJR_better', 'IN', 'JJS']"
"['JJR', 'IN', 'JJS_most', 'VB', 'VBG']"
"['NN', 'IN', 'JJS_most', 'CC', 'JJ']"
"['PRP', 'RB', 'RBR_more', 'JJ', 'WRB']"
"['NN', 'IN', 'JJS_most', 'CC', 'JJ']"
"['VBG', 'NN', 'IN_befor', 'DT', 'NN']"
"['NN', 'CC', 'CC_both', 'DT', 'JJ']"
"['NN', 'IN', 'PDT_all', 'PRP$', 'NN']"
"['VBD', 'RB', 'JJR_better', 'IN', 'NN']"
"['VBD', 'RB', 'JJR_better', 'IN', 'NN']"
"['CD', 'CC', 'JJR_more', 'NNS', ':']"
"['VBZ', 'DT', 'JJS_best', 'NN', 'IN']"
"['VBG', 'DT', 'NNS_lead', ""''""]"
"['VBN', 'IN', 'PDT_all', 'DT', 'JJ']"
"['VBD', 'DT', 'JJS_best', 'NNS', 'IN']"
"['``', 'NN', 'IN_like', 'PRP', 'CC']"
"['PRP', 'CC', 'VB_recommend', 'PRP', 'IN']"
"['NNS', 'IN', 'DT_all', 'JJ', 'NN']"
"['TO', 'DT', 'DT_all', 'FW', 'NN']"
"['JJ', 'NNS', 'IN_like', 'JJ', 'NN']"
"['VB', 'PRP', 'JJ_inferior', 'NN', 'IN']"
"['VBZ', 'DT', 'RBS_most', 'JJ', 'IN']"
"['RB', 'IN', 'NN_beat', 'NN', 'IN']"
"['VBZ', 'DT', 'RBS_most', 'JJ', 'IN']"
"['VBD', 'RB', 'JJR_om', ""''""]"
"['CC', 'JJ', 'DT_both', 'VBP', 'VBG']"
"['VBG', 'NN', 'RB_togeth', ""''""]"
"['VBG', 'IN', 'DT_both', 'DT', 'NN']"
"['NNS', 'IN', 'JJS_best', 'NN', 'NN']"
"['NN', 'CC', 'JJS_best', 'NN', 'NN']"
"['NNS', 'IN', 'JJS_best', 'NN', 'RBS']"
"['JJS', 'NN', 'RBS_best', 'NN', 'CC']"
"['NN', 'CC', 'JJS_best', 'VBG', 'NN']"
"['VBD', 'DT', 'JJ_second', 'NN', 'IN']"
"['NN', 'VBD', 'RBR_more', 'IN', 'DT']"
"['VBD', 'RBR', 'IN_like', 'DT', 'NN']"
"['PRP', 'DT', 'JJS_best', 'VBG', 'NN']"
"['VBD', 'RB', 'IN_like', 'DT', 'JJ']"
"['VBZ', 'DT', 'RBS_most', 'JJ', 'JJ']"
"['VBZ', 'DT', 'RBS_most', 'JJ', 'JJ']"
"['NN', 'IN', 'DT_all', 'VBG', 'NNS']"
"['IN', 'DT', 'VBG_lead', 'NNS', 'IN']"
"['PRP$', 'NN', 'VBZ_lead', 'TO', 'NNS']"
"['IN', 'DT', 'JJS_best', 'JJ', 'NNS']"
"['NN', 'NNS', 'DT_all', 'VBP', 'JJ']"
"['VBG', 'IN', 'PDT_all', 'PRP$', 'NNS']"
"['IN', 'DT', 'JJS_best', 'NN', ""''""]"
"['NN', 'VBZ', 'JJR_better', 'CC', 'JJ']"
"['NN', 'VBZ', 'JJR_better', 'CC', 'JJ']"
"['NNS', 'IN', 'DT_all', 'NN', 'VBZ']"
"['NN', 'RB', 'VBD_like', 'PRP', 'CC']"
"['RB', 'DT', 'JJ_same', 'NN', 'VBD']"
"['NN', 'IN', 'DT_both', 'DT', 'NN']"
"['NN', 'IN', 'DT_both', 'NNS', 'VBZ']"
"['``', 'JJR_more', 'IN', 'DT']"
"['NN', 'NN', 'VBP_prefer', 'TO', 'VB']"
"['VBZ', 'DT', 'JJS_best', 'VBG', 'IN']"
"['PRP', 'IN', 'DT_all', 'NNS', 'JJ']"
"['NNS', 'IN', 'JJS_most', 'RB', 'VBN']"
"['NNS', 'IN', 'JJS_most', 'RB', 'VBN']"
"['NN', 'IN', 'IN_like', 'VBG', 'DT']"
"['PRP', 'IN', 'JJR_better', 'CC', 'JJR']"
"['JJR', 'CC', 'JJR_worse', 'TO', 'DT']"
"['PRP', 'IN', 'JJR_better', 'CC', 'JJR']"
"['IN', 'DT', 'RBS_most', 'JJ', 'NN']"
"['IN', 'DT', 'RBS_most', 'JJ', 'NN']"
"['RB', 'VBG', 'JJR_more', 'IN', 'CD']"
"['NN', 'IN', 'DT_all', 'IN', 'DT']"
"['RB', 'NNS', 'RB_togeth', 'VBP', 'NN']"
"['DT', 'WP', 'IN_like', 'NNS', 'TO']"
"['RB', 'IN', 'DT_all', 'NNS', 'CC']"
"['VBZ', 'RB', 'RBS_best', 'VBN', 'IN']"
"['RB', 'RB', 'JJ_like', 'NNS', 'NNS']"
"['RB', 'PRP', 'JJR_better', 'VB', 'RP']"
"['RB', 'PRP', 'JJR_better', 'VB', 'RP']"
"['NN', 'IN', 'PDT_all', 'DT', 'JJ']"
"['WP', 'VBP', 'VBP_like', 'NN', 'IN']"
"['IN', 'DT', 'RBS_most', 'JJ', 'CC']"
"['IN', 'DT', 'JJ_same', 'JJ', 'JJ']"
"['JJ', 'JJ', 'JJ_same', 'JJ', 'RB']"
"['IN', 'DT', 'RBS_most', 'JJ', 'CC']"
"['CC', 'DT', 'RBS_most', 'JJ', 'NNS']"
"['CC', 'DT', 'RBS_most', 'JJ', 'NNS']"
"['NN', 'NN', 'IN_befor', 'PRP', 'VBZ']"
"['NNS', 'NNS', 'IN_like', 'DT', 'NN']"
"['IN', 'DT', 'JJ_top', 'NN', '.']"
"['DT', 'JJ', 'JJR_less', 'RB', 'VBP']"
"['NNS', 'CC', 'JJR_more', 'IN', 'NN']"
"['RB', 'VB', 'PDT_all', 'DT', 'NNS']"
"['DT', 'JJ', 'JJR_less', 'RB', 'VBP']"
"['PRP', 'RB', 'DT_all', 'RB', 'JJ']"
"['NN', 'CC', 'DT_all', 'IN', 'DT']"
"['NNS', 'IN', 'PDT_all', 'DT', 'NN']"
"['IN', 'DT', 'JJR_less', 'JJ', 'NN']"
"['JJ', 'NN', 'RBR_more', 'JJ', 'JJ']"
"['VBZ', 'NN', 'IN_like', 'DT', 'JJR']"
"['IN', 'DT', 'JJR_less', 'JJ', 'NN']"
"['RB', 'JJ', 'RBR_earlier', 'NN', 'IN']"
"['IN', 'PRP$', 'RBR_more', 'JJ', 'CC']"
"['NN', 'WDT', 'VBZ_lead', 'PRP', 'TO']"
"['CC', 'VB', 'JJ_similar', 'NN', 'CC']"
"['VBZ', 'RB', 'JJR_less', 'IN', 'PRP']"
"['VBZ', 'RB', 'JJR_less', 'IN', 'PRP']"
"['VBZ', 'DT', 'RB_similar', 'JJ', 'NN']"
"['VBP', 'JJ', 'RB_most', 'IN', 'PRP$']"
"['IN', 'PRP$', 'JJR_younger', 'NN', 'VBZ']"
"['RB', 'RB', 'RBR_more', 'JJ', 'IN']"
"['NNS', 'WDT', 'DT_both', 'VBP', 'NNS']"
"['VBZ', 'DT', 'JJR_less', 'IN', 'DT']"
"['VBZ', 'DT', 'JJR_less', 'IN', 'DT']"
"['IN', 'DT', 'JJR_less', 'IN', 'JJ']"
"['IN', 'DT', 'JJR_less', 'IN', 'JJ']"
"['``', 'DT_all', 'IN', 'PDT']"
"['DT', 'IN', 'PDT_all', 'DT', 'JJ']"
"['VB', 'JJ', 'IN_befor', 'VBG', 'DT']"
"['JJ', 'NN', 'IN_like', 'DT', 'NN']"
"['IN', 'PRP', 'VBP_like', 'DT', 'VBP']"
"['VBZ', 'RB', 'JJ_similar', 'VBG', 'DT']"
"['``', 'DT', 'JJS_best', 'NN', 'IN']"
"['VBG', 'NNS', 'IN_versus', 'JJ', 'CC']"
"['JJ', 'NNS', 'RB_most', 'JJ', 'IN']"
"['JJ', 'NNS', 'IN_like', 'JJ', 'NN']"
"['IN', 'NNS', 'IN_like', 'NN', 'NN']"
"['IN', 'NNS', 'RBS_most', 'JJ', 'NNS']"
"['IN', 'NNS', 'RBS_most', 'JJ', 'NNS']"
"['PRP$', 'VBD', 'DT_all', 'IN', 'DT']"
"['PRP$', 'RB', 'IN_like', 'DT', 'NNS']"
"['JJ', 'NN', 'JJ_like', 'NN', 'NN']"
"['NN', 'IN', 'JJS_least', 'IN', 'CD']"
"['NN', 'IN', 'JJS_least', 'IN', 'CD']"
"['``', 'PRP', 'DT_all', 'VBZ', 'RP']"
"['PRP', 'DT', 'VBZ_lead', 'RP', 'TO']"
"['TO', 'DT', 'JJ_same', 'JJ', 'NN']"
"['DT', 'NN', 'IN_like', 'DT', ""''""]"
"['NN', 'IN', 'DT_both', 'NNS', 'VBZ']"
"['RB', 'VBZ', 'JJR_more', 'IN', 'DT']"
"['IN', 'DT', 'JJ_same', 'NN', 'JJ']"
"['PRP$', 'NN', 'IN_like', 'DT', 'NN']"
"['IN', 'DT', 'JJS_craziest', 'JJ', 'NNS']"
"['JJ', 'NN', 'IN_like', 'NN', 'CC']"
"['JJ', 'IN', 'DT_all', 'PRP$', 'NNS']"
"['TO', 'DT', 'NN_top', 'IN', 'NN']"
"['CC', 'PRP$', 'RBR_more', 'JJ', 'NN']"
"['IN', 'DT', 'JJ_top', 'NN', 'VBN']"
"['VBP', 'IN', 'JJS_least', 'CD', 'NNS']"
"['VBP', 'IN', 'JJS_least', 'CD', 'NNS']"
"['``', 'PDT_all', 'DT', 'NN']"
"['JJ', 'TO', 'VB_like', 'JJ', 'NN']"
"['VB', 'DT', 'RBR_more', 'RB', 'CC']"
"['VB', 'CC', 'JJR_better', 'DT', 'NN']"
"['VB', 'CC', 'JJR_better', 'DT', 'NN']"
"['CC', 'JJ', 'NNS_beat', 'VBP', 'VBN']"
"['VBZ', 'IN', 'JJ_similar', 'NNS', 'NN']"
"['VBZ', 'JJ', 'IN_befor', 'PRP', 'VBD']"
"['IN', 'NN', 'IN_like', 'FW', 'NN']"
"['VB', 'PRP', 'DT_all', 'RP', ""''""]"
"['IN', 'PRP$', 'JJS_best', 'CC', 'DT']"
"['RB', 'VBN', 'IN_befor', 'CC', 'IN']"
"['NN', 'VBZ', 'JJR_better', 'IN', 'JJS']"
"['JJR', 'IN', 'JJS_most', 'NNS', 'VBP']"
"['NN', 'VBZ', 'JJR_better', 'IN', 'JJS']"
"['JJR', 'IN', 'JJS_most', 'NNS', 'VBP']"
"['NN', 'IN', 'IN_like', 'DT', 'JJ']"
"['PRP', 'VBZ', 'RBR_more', 'JJ', 'CC']"
"['CC', 'IN', 'JJS_most', 'JJ', 'NN']"
"['CC', 'IN', 'JJS_most', 'JJ', 'NN']"
"['JJ', 'NN', 'RBR_later', 'IN', 'DT']"
"['JJ', 'RB', 'RBR_more', 'RB', 'PRP']"
"['VBZ', 'RB', 'JJ_differ', 'RB', 'RBR']"
"['DT', 'CD', 'RB_togeth', 'IN', 'PRP$']"
"['IN', 'DT', 'JJ_same', 'NN', 'IN']"
"['DT', 'RB', 'JJ_last', 'NN', ""''""]"
"['NN', 'WRB', 'DT_all', 'PRP', 'NNS']"
"['NN', 'RB', 'RBR_more', 'TO', 'VB']"
"['EX', 'VBZ', 'JJR_tealc', 'DT', 'JJ']"
"['NNS', 'PRP', 'RB_most', 'VBP', 'TO']"
"['NN', 'CC', 'JJR_more', 'NN', 'NN']"
"['NNS', 'RB', 'RBR_more', 'IN', 'NN']"
"['CD', 'IN', 'JJS_most', 'IN', 'DT']"
"['RP', 'CC', 'JJR_less', 'IN', 'DT']"
"['CD', 'IN', 'JJS_most', 'IN', 'DT']"
"['RP', 'CC', 'JJR_less', 'IN', 'DT']"
"['NN', 'DT', 'JJ_last', 'JJ', 'NNS']"
"['NN', 'DT', 'JJS_biggest', 'JJ', 'RB']"
"['WP', 'IN', 'PDT_all', 'DT', 'NN']"
"['``', 'DT', 'RBR_more', 'DT', 'NN']"
"['JJ', 'DT', 'RBR_more', 'JJ', 'PRP']"
"['VB', 'CC', 'JJR_more', 'NNS', 'VBP']"
"['VBD', 'DT', 'JJS_best', 'NNS', 'IN']"
"['JJ', 'NN', 'PDT_all', 'DT', 'JJ']"
"['PDT', 'DT', 'JJ_same', 'CC', 'RB']"
"['NN', 'NN', 'IN_befor', 'PRP', 'VBZ']"
"['CC', 'PRP', 'DT_all', 'VBP', 'PRP$']"
"['JJ', 'NN', 'VBD_like', 'JJ', 'TO']"
"['VBZ', 'TO', 'VB_altern', 'IN', 'JJ']"
"['VBZ', 'VBD', 'DT_all', 'IN', 'DT']"
"['PRP', 'IN', 'JJ_similar', 'NNS', 'IN']"
"['IN', 'IN', 'JJS_least', 'DT', 'NN']"
"['CC', 'IN', 'JJS_most', 'NNS', 'IN']"
"['IN', 'IN', 'JJS_least', 'DT', 'NN']"
"['CC', 'IN', 'JJS_most', 'NNS', 'IN']"
"['VBD', 'NN', 'IN_like', 'DT', 'JJ']"
"['NN', 'IN', 'JJS_most', 'NNS', 'NNS']"
"['NN', 'IN', 'JJS_most', 'NNS', 'NNS']"
"['CC', 'PRP', 'JJR_more', 'IN', 'VBZ']"
"['IN', 'DT', 'RBS_most', 'JJ', 'NNS']"
"['IN', 'DT', 'JJ_top', 'NNS', 'RB']"
"['NNS', 'RB', 'JJ_top', 'NNS', 'RB']"
"['IN', 'DT', 'RBS_most', 'JJ', 'NNS']"
"['CC', 'VBZ', 'JJR_more', 'IN', 'DT']"
"['TO', 'VB', 'JJR_less', 'IN', 'DT']"
"['TO', 'VB', 'JJR_less', 'IN', 'DT']"
"['IN', 'DT', 'JJS_best', 'NN', 'IN']"
"['IN', 'DT', 'JJ_second', 'NN', 'IN']"
"['PRP', 'VBZ', 'DT_all', 'PRP', 'VBP']"
"['``', 'RB', 'JJS_least', 'JJ', 'TO']"
"['IN', 'DT', 'JJS_best', 'IN', 'JJ']"
"['``', 'RB', 'JJS_least', 'JJ', 'TO']"
"['MD', 'VB', 'JJS_worst', 'IN', 'JJ']"
"['NN', 'VBZ', 'IN_like', 'DT', 'JJ']"
"['VB', 'JJS', 'IN_like', 'JJ', 'NN']"
"['PRP', 'VBD', 'RBR_better', 'IN', 'DT']"
"['VBZ', 'DT', 'JJS_best', 'IN', 'DT']"
"['VBG', 'DT', 'RBS_most', 'JJ', 'NN']"
"['PRP', 'VBD', 'RBR_better', 'IN', 'DT']"
"['IN', 'DT', 'JJ_second', 'NN', 'IN']"
"['IN', 'NNS', 'IN_like', 'NN', 'VBZ']"
"['JJS', 'IN', 'DT_all', 'VBG', 'DT']"
"['VBG', 'DT', 'RBS_most', 'JJ', 'NN']"
"['IN', 'DT', 'JJS_best', 'CC', 'JJS']"
"['JJS', 'CC', 'JJS_creepiest', 'NNS', 'IN']"
"['DT', 'JJ', 'JJ_second', 'NN', 'IN']"
"['IN', 'DT', 'JJS_best', 'NNS', 'IN']"
"['VBD', 'DT', 'JJ_similar', 'JJ', 'NN']"
"['NN', 'NNS', 'IN_like', 'RB', 'NN']"
"['NN', 'NN', 'IN_like', 'NNS', 'IN']"
"['NN', 'NN', 'DT_both', 'VBP', 'VBN']"
"['DT', 'CC', 'DT_all', 'VBP', 'IN']"
"['NNS', 'IN', 'JJS_least', 'DT', 'NN']"
"['NNS', 'IN', 'JJS_least', 'DT', 'NN']"
"['PRP', 'DT', 'JJS_best', 'VBN', 'CC']"
"['VBN', 'CC', 'JJS_most', 'JJ', 'VBG']"
"['VBN', 'CC', 'JJS_most', 'JJ', 'VBG']"
"['VBZ', 'DT', 'JJS_best', 'NN', 'IN']"
"['IN', 'DT', 'JJ_top', 'NNS', 'RB']"
"['NN', 'MD', 'VB_choos', 'IN', 'VBG']"
"['VBN', 'RB', 'RBR_harder', 'WRB', 'PRP']"
"['RB', 'DT', 'RBS_most', 'JJ', 'NN']"
"['RB', 'DT', 'RBS_most', 'JJ', 'NN']"
"['RB', 'DT', 'JJS_best', 'CD', 'JJR']"
"['JJS', 'CD', 'JJR_yet.the', 'NN', 'IN']"
"['DT', 'NN', 'RBR_later', 'WRB', 'DT']"
"['VBZ', 'RB', 'JJR_better', 'IN', 'JJR']"
"['JJR', 'IN', 'JJR_hellraiser', 'CD', 'NN']"
"['VBZ', 'RB', 'JJR_better', 'IN', 'JJR']"
"['NN', 'DT', 'JJ_second', 'NN', ""''""]"
"['MD', 'VB', 'JJR_more', 'NN', 'IN']"
"['PRP', 'DT', 'JJ_second', 'NN', 'CC']"
"['MD', 'VB', 'JJR_better', 'CC', 'VB']"
"['MD', 'VB', 'JJR_better', 'CC', 'VB']"
"['WRB', 'VBZ', 'IN_like', 'NN', 'NN']"
"['JJ', 'NN', 'IN_like', 'NN', 'NN']"
"['IN', 'DT', 'JJ_top', 'JJ', 'JJ']"
"['NN', 'VBP', 'IN_like', 'JJ', 'NNS']"
"['VBG', 'DT', 'JJS_ori', 'PRP$', 'NNS']"
"['NNS', 'IN', 'JJS_most', 'IN', 'DT']"
"['NNS', 'IN', 'JJS_most', 'IN', 'DT']"
"['VB', 'DT', 'JJ_same', 'NN', 'IN']"
"['PRP$', 'RB', 'JJR_sleazier', 'NN', 'CC']"
"['NN', 'CC', 'JJS_best', 'NN', 'NN']"
"['NN', 'IN', 'JJR_more', 'NNS', 'CC']"
"['RB', 'DT', 'JJS_best', 'IN', 'DT']"
"['``', 'IN', 'JJS_least', 'JJ', 'NN']"
"['``', 'IN', 'JJS_least', 'JJ', 'NN']"
"['IN', 'IN', 'JJS_most', 'JJ', 'NNS']"
"['IN', 'IN', 'JJS_most', 'JJ', 'NNS']"
"['RB', 'DT', 'JJS_best', 'NN', 'IN']"
"['NN', 'VBD', 'DT_all', 'JJ', 'TO']"
"['NN', 'IN', 'JJS_least', 'PRP', 'VBD']"
"['NN', 'IN', 'JJS_least', 'PRP', 'VBD']"
"['NN', 'RB', 'VBD_like', 'DT', 'NN']"
"['``', 'IN_like', 'NN', 'VBD']"
"['IN', 'DT', 'JJ_top', 'CC', 'RB']"
"['NN', 'NN', 'IN_like', 'PRP', ""''""]"
"['NN', 'IN', 'JJS_most', 'NNS', 'VBZ']"
"['VBZ', 'PRP', 'DT_all', 'CC', 'DT']"
"['NN', 'IN', 'JJS_most', 'NNS', 'VBZ']"
"['RB', 'VBP', 'DT_both', 'NNS', 'RB']"
"['VBP', 'DT', 'NNS_lead', 'RB', 'JJ']"
"['VBN', 'IN', 'DT_all', 'NNS', 'CC']"
"['IN', 'DT', 'JJ_top', 'IN', 'JJ']"
"['VB', 'RP', 'RB_togeth', ""''""]"
"['NN', 'VBD', 'JJS_least', 'VBG', 'PRP']"
"['NN', 'VBD', 'JJS_least', 'VBG', 'PRP']"
"['VBG', 'DT', 'JJ_top', 'NN', 'CD']"
"['JJ', 'RB', 'JJ_similar', 'TO', 'DT']"
"['CC', 'JJ', 'JJR_more', ""''""]"
"['IN', 'IN', 'JJS_least', 'CD', 'CD']"
"['CD', 'CD', 'JJR_more', 'RB', 'IN']"
"['IN', 'DT', 'JJS_best', 'IN', 'DT']"
"['IN', 'IN', 'JJS_least', 'CD', 'CD']"
"['RP', 'DT', 'NN_top', 'IN', 'PRP$']"
"['IN', 'PRP$', 'JJR_younger', 'NNS', 'CC']"
"['DT', 'VBZ', 'JJS_best', 'NNS', 'IN']"
"['VBP', 'DT', 'RBS_most', 'JJ', ""''""]"
"['NN', 'IN', 'DT_both', 'VBZ', 'JJS']"
"['IN', 'DT', 'VBZ_lead', 'JJS', 'NNS']"
"['VBN', 'TO', 'DT_all', 'RB', 'VBZ']"
"['VBZ', 'DT', 'NN_differ', 'TO', 'DT']"
"['VBP', 'DT', 'RBS_most', 'JJ', ""''""]"
"['CC', 'IN', 'DT_all', 'IN', 'DT']"
"['VBN', 'CC', 'DT_all', 'IN', 'DT']"
"['DT', 'NNS', 'IN_like', 'NN', 'VBN']"
"['VBP', 'VBN', 'JJR_better', 'IN', 'JJ']"
"['VBP', 'VBN', 'JJR_better', 'IN', 'JJ']"
"['VBP', 'RB', 'RBR_more', 'JJ', ""''""]"
"['NNS', 'VBP', 'DT_both', 'IN', 'DT']"
"['NN', 'NN', 'NNS_win', ""''""]"
"['TO', 'VB', 'JJ_top', 'NN', 'NN']"
"['VB', 'CC', 'JJR_more', 'JJ', 'NN']"
"['NN', 'WP', 'VBZ_lead', 'IN', 'DT']"
"['CC', 'VB', 'DT_all', 'DT', 'NNS']"
"['``', 'JJS_guest', 'NNS', 'VBP']"
"['WDT', 'VBZ', 'JJR_bore', 'NNS', ""''""]"
"['NN', 'VBZ', 'RBR_more', 'JJ', 'IN']"
"['JJ', 'VBD', 'JJS_most', 'VBD', 'VBG']"
"['JJ', 'VBD', 'JJS_most', 'VBD', 'VBG']"
"['VB', 'DT', 'JJ_last', 'NN', 'PRP']"
"['NNS', 'CC', 'DT_all', 'VBP', 'NN']"
"['RB', 'IN', 'RBR_more', 'JJ', 'CC']"
"['NN', 'VBZ', 'RBS_most', 'JJ', 'WRB']"
"['DT', 'CD', 'NNS_lead', ':', 'DT']"
"['NN', 'VBZ', 'RBS_most', 'JJ', 'WRB']"
"['RB', 'JJ', 'JJR_better', ""''""]"
"['TO', 'VB', 'RB_togeth', ':', 'VBP']"
"['RB', 'JJ', 'JJR_better', ""''""]"
"['VB', 'DT', 'JJR_higher', 'NN', 'IN']"
"['PRP', 'VBD', 'JJR_less', 'IN', 'DT']"
"['PRP', 'VBD', 'JJR_less', 'IN', 'DT']"
"['PRP$', 'NN', 'IN_least', 'DT', 'RB']"
"['NN', 'VBN', 'IN_like', 'JJ', 'VBN']"
"['CD', 'DT', 'JJ_last', 'NN', 'VBD']"
"['NN', 'PRP', 'VBD_like', 'VBG', 'IN']"
"['VBD', 'IN', 'DT_all', 'NNS', 'CC']"
"['CC', 'IN', 'DT_all', 'JJ', 'NN']"
"['VB', 'RP', 'RBR_more', 'RB', 'IN']"
"['VB', 'PRP', 'DT_all', 'RB', 'DT']"
"['PRP', 'DT', 'RB_togeth', 'DT', 'NN']"
"['``', 'JJS_whoda', 'NN', 'PRP']"
"['RB', 'IN', 'JJR_lesser', 'JJ', 'NN']"
"['JJ', 'NN', 'IN_like', 'DT', 'RB']"
"['JJ', 'NNS', 'IN_like', 'NN', 'IN']"
"['CC', 'VB', 'JJR_basinger', 'JJ', 'NN']"
"['VBN', 'IN', 'JJR_more', 'IN', 'CD']"
"['NN', 'NN', 'DT_all', 'RB', 'RB']"
"['VB', 'DT', 'JJS_best', 'CD', 'NN']"
"['VBD', 'DT', 'JJS_best', 'RB', 'IN']"
"['VBP', 'IN', 'JJS_most', 'CC', 'DT']"
"['NN', 'CC', 'JJR_better', 'NN', 'NN']"
"['NN', 'CC', 'DT_all', 'NNS', 'VBP']"
"['IN', 'DT', 'JJ_last', 'CD', 'NNS']"
"['JJ', 'VBP', 'IN_like', 'JJS', 'CC']"
"['VBP', 'IN', 'JJS_most', 'CC', 'DT']"
"['JJ', 'IN', 'DT_all', 'NN', 'RB']"
"['IN', 'IN', 'PDT_all', 'DT', 'NNS']"
"['NN', 'CC', 'JJR_better', 'NN', 'NN']"
"['DT', 'NN', 'JJR_more', 'NN', 'IN']"
"['CC', 'NN', 'DT_all', 'NN', 'RB']"
"['NN', 'RB', 'PDT_all', 'DT', 'JJ']"
"['RB', 'DT', 'JJS_funniest', 'NN', 'IN']"
"['VBP', 'VBN', 'IN_befor', 'IN', 'JJ']"
"['RB', 'DT', 'JJ_same', 'NN', 'NN']"
"['NN', 'VB', 'DT_both', 'IN', 'PRP']"
"['NN', 'MD', 'VB_like', 'IN', 'DT']"
"['VBP', 'VB', 'RB_togeth', 'CC', 'RB']"
"['NN', 'VBD', 'RBR_more', 'JJ', 'IN']"
"['VBD', 'RB', 'JJR_better', 'RB', 'VB']"
"['NN', 'IN', 'DT_all', 'CC', 'WRB']"
"['VBD', 'RB', 'JJR_better', 'RB', 'VB']"
"['NN', 'DT', 'JJR_lower', 'NN', ""''""]"
"['NN', 'NN', 'VBD_like', 'DT', 'NN']"
"['MD', 'VB', 'JJR_more', 'IN', 'DT']"
"['VBP', 'VBD', 'RBS_most', 'JJ', 'NN']"
"['VBZ', 'VBG', 'RBR_more', 'JJ', 'NN']"
"['VBZ', 'WP', 'JJS_most', 'NNS', 'VBD']"
"['VBP', 'VBD', 'RBS_most', 'JJ', 'NN']"
"['VBZ', 'WP', 'JJS_most', 'NNS', 'VBD']"
"['IN', 'DT', 'JJ_same', 'NN', 'IN']"
"['CC', 'VBG', 'DT_all', 'IN', 'WDT']"
"['PRP', 'MD', 'RBR_more', 'IN', 'RB']"
"['NN', 'VBP', 'DT_all', 'RB', ':']"
"['NNS', 'CC', 'VBN_compar', 'DT', 'JJ']"
"['RBR', 'IN', 'RB_like', 'VB', 'DT']"
"['RB', 'JJ', 'JJR_soldier', 'NNS', 'NN']"
"['VBZ', 'VBN', 'JJR_more', 'CC', 'JJR']"
"['JJR', 'CC', 'JJR_more', 'IN', 'IN']"
"['VB', 'PRP$', 'RB_most', 'JJ', 'NN']"
"['IN', 'VBD', 'PDT_all', 'DT', 'NN']"
"['IN', 'RB', 'RBR_more', 'JJ', 'NN']"
"['CC', 'JJ', 'DT_all', 'IN', 'WDT']"
"['IN', 'DT', 'JJ_top', 'NN', 'IN']"
"['NNS', 'RB', 'JJR_more', 'IN', 'JJ']"
"['IN', 'DT', 'JJR_greater', 'JJ', 'IN']"
"['MD', 'VB', 'DT_all', 'IN', 'DT']"
"['NN', 'CC', 'IN_befor', 'PRP', 'VBP']"
"['VBP', 'RB', 'JJR_more', 'JJ', 'CC']"
"['IN', 'IN', 'JJ_last', 'DT', 'NN']"
"['IN', 'VBD', 'RBR_more', 'RB', 'IN']"
"['MD', 'VB', 'DT_all', 'NNS', 'IN']"
"['MD', 'VB', 'RBR_more', 'RB', 'IN']"
"['NN', 'IN', 'DT_all', 'VBN', ':']"
"['NNS', 'CC', 'DT_all', 'NNS', 'IN']"
"['NN', 'VBZ', 'JJR_less', 'NN', 'IN']"
"['IN', 'CC', 'JJR_more', 'JJ', ""''""]"
"['VBN', 'RB', 'JJ_differ', 'IN', 'DT']"
"['VB', 'DT', 'JJ_same', 'JJ', 'NN']"
"['NN', 'VBZ', 'JJR_less', 'NN', 'IN']"
"['JJR', 'NN', 'IN_like', 'CC', 'JJR']"
"['VBZ', 'VBN', 'DT_all', 'RB', 'RB']"
"['JJ', 'NNS', 'RBR_more', 'JJ', 'NN']"
"['CD', 'RB', 'JJ_differ', 'NNS', 'NN']"
"['JJ', 'NNS', 'IN_like', 'NN', ':']"
"['PRP', 'WDT', 'VBZ_lead', 'TO', 'DT']"
"['DT', 'NN', 'JJ_last', 'NN', 'NN']"
"['NN', 'VBZ', 'JJR_more', 'IN', 'DT']"
"['IN', 'DT', 'JJ_same', 'NN', ""''""]"
"['VBG', 'JJ', 'JJR_better', 'IN', 'DT']"
"['IN', 'NN', 'PDT_all', 'DT', 'DT']"
"['VBG', 'JJ', 'JJR_better', 'IN', 'DT']"
"['NN', 'DT', 'JJS_highest', 'DT', 'NN']"
"['VBP', 'DT', 'JJ_same', 'IN', 'DT']"
"['IN', 'RB', 'JJR_better', 'IN', 'DT']"
"['IN', 'RB', 'JJR_better', 'IN', 'DT']"
"['DT', 'NN', 'DT_both', 'VBG', 'IN']"
"['VBN', 'NN', 'IN_like', 'NN', 'DT']"
"['TO', 'NN', 'IN_like', 'NN', 'VBD']"
"['NN', 'VBZ', 'JJR_less', 'NN', 'IN']"
"['IN', 'CC', 'JJR_more', 'JJ', ""''""]"
"['VBN', 'RB', 'JJ_differ', 'IN', 'DT']"
"['VB', 'DT', 'JJ_same', 'JJ', 'NN']"
"['NN', 'VBZ', 'JJR_less', 'NN', 'IN']"
"['JJR', 'NN', 'IN_like', 'CC', 'JJR']"
"['VBZ', 'VBN', 'DT_all', 'RB', 'RB']"
"['DT', 'RB', 'JJ_top', 'NN', 'VBG']"
"['NN', 'WP', 'RB_most', 'VBD', 'NN']"
"['TO', 'DT', 'RBR_more', 'JJ', 'NN']"
"['JJ', 'CC', 'RB_most', 'PRP$', 'RB']"
"['MD', 'CC', 'DT_all', 'JJ', 'NNS']"
"['VBP', 'TO', 'VB_compet', 'IN', 'NNS']"
"['IN', 'NNS', 'IN_like', 'NN', 'WRB']"
"['NN', 'NNS', 'RB_prefer', 'VBG', 'DT']"
"['NN', 'NN', 'VBG_lead', 'NN', 'WP']"
"['IN', 'DT', 'JJ_last', 'NN', 'IN']"
"['VBZ', 'DT', 'JJS_best', 'NN', 'IN']"
"['VBD', 'PRP', 'IN_like', 'PRP', 'VBD']"
"['IN', 'DT', 'NNS_lead', 'DT', 'NN']"
"['VBP', 'RB', 'IN_like', 'PRP$', 'NN']"
"['PRP', 'VBP', 'DT_both', 'VBP', 'VBN']"
"['NN', 'WDT', 'VBD_beat', 'PRP', 'IN']"
"['VBN', 'IN', 'JJS_most', 'NNS', 'VBG']"
"['VBN', 'IN', 'JJS_most', 'NNS', 'VBG']"
"['RP', 'IN', 'DT_both', 'DT', 'JJ']"
"['NN', 'IN', 'JJS_most', 'VBN', 'RP']"
"['DT', 'RB', 'JJ_superior', 'NN', 'IN']"
"['NN', 'IN', 'JJS_most', 'VBN', 'RP']"
"['``', 'PRP$', 'DT_all', 'IN', 'EX']"
"['VBP', 'IN', 'PDT_all', 'DT', 'NNS']"
"['NN', 'IN', 'RBS_most', 'NN', 'TO']"
"['NN', 'IN', 'RBS_most', 'NN', 'TO']"
"['VBN', 'IN', 'JJS_most', 'IN', 'DT']"
"['VBN', 'IN', 'JJS_most', 'IN', 'DT']"
"['RB', 'DT', 'DT_all', 'JJ', 'NN']"
"['JJ', 'NN', 'VBN_compar', 'TO', 'DT']"
